indice_tiempo,tipo_cambio_bna_vendedor,tipo_cambio_a3500,tipo_cambio_mae,volumen_mae,tipo_cambio_implicito_en_adrs,futuro_rofex_usd1m,interes_abierto_1m,futuro_rofex_usd2m,interes_abierto_2m,futuro_rofex_usd3m,interes_abierto_3m,futuro_rofex_usd4m,interes_abierto_4m,futuro_rofex_usd5m,interes_abierto_5m,futuro_rofex_usd6m,interes_abierto_6m
2022-01-01,107.75,102.75,102.72,,205.84826132771337,102.75,2081017.0,106.71,2231270.0,111.25,1145584.0,116.6,591470.0,120.81,136285.0,125.5,68890.0
2022-01-02,107.75,102.75,102.72,,205.84826132771337,102.75,2081017.0,106.71,2231270.0,111.25,1145584.0,116.6,591470.0,120.81,136285.0,125.5,68890.0
2022-01-03,108.0,103.04,103.0,111690.0,207.47422680412373,106.45,2274802.0,110.84,1156367.0,116.2,597466.0,120.41,135605.0,124.97,68892.0,129.1,53980.0
2022-01-04,108.0,103.08,103.09,85900.0,204.82866043613706,106.08,2298522.0,110.25,1164638.0,115.71,621371.0,119.95,144336.0,124.6,73911.0,128.9,54080.0
2022-01-05,108.0,103.15,103.14,154700.0,210.40305010893246,106.17,2318453.0,110.45,1175854.0,116.14,630069.0,120.44,157818.0,125.45,73911.0,129.55,53380.0
2022-01-06,108.25,103.23,103.24,84660.0,210.4638619201726,106.14,2347333.0,110.61,1165340.0,116.55,629269.0,121.14,156518.0,126.05,75911.0,130.8,54017.0
2022-01-07,108.5,103.29,103.28,246180.0,211.0874200426439,106.01,2356745.0,110.29,1161861.0,116.19,642147.0,120.74,153597.0,125.88,78614.0,130.4,55117.0
2022-01-08,108.5,103.29,103.28,,211.0874200426439,106.01,2356745.0,110.29,1161861.0,116.19,642147.0,120.74,153597.0,125.88,78614.0,130.4,55117.0
2022-01-09,108.5,103.29,103.28,,211.0874200426439,106.01,2356745.0,110.29,1161861.0,116.19,642147.0,120.74,153597.0,125.88,78614.0,130.4,55117.0
2022-01-10,108.5,103.5083,103.51,149200.0,212.29773462783172,105.88,2368306.0,110.18,1162034.0,115.95,636050.0,120.51,165156.0,125.65,78616.0,130.25,57148.0
2022-01-11,108.5,103.5767,103.56,76000.0,210.41009463722398,105.73,2361024.0,109.83,1195461.0,115.45,626311.0,120.1,161770.0,125.2,76060.0,129.65,63164.0
2022-01-12,108.75,103.6417,103.68,111300.0,208.67293625914314,105.68,2377349.0,109.65,1194453.0,115.3,622891.0,119.9,162160.0,124.95,76080.0,129.6,63169.0
2022-01-13,108.75,103.7433,103.77,124900.0,208.66596638655463,105.53,2352736.0,109.52,1196243.0,115.01,645640.0,119.65,162294.0,124.6,91321.0,129.25,63461.0
2022-01-14,108.75,103.8467,103.84,148160.0,208.3245521601686,105.42,2315282.0,109.18,1224259.0,114.56,661600.0,119.11,167866.0,124.25,91328.0,128.7,63834.0
2022-01-15,108.75,103.8467,103.84,,208.3245521601686,105.42,2315282.0,109.18,1224259.0,114.56,661600.0,119.11,167866.0,124.25,91328.0,128.7,63834.0
2022-01-16,108.75,103.8467,103.84,,208.3245521601686,105.42,2315282.0,109.18,1224259.0,114.56,661600.0,119.11,167866.0,124.25,91328.0,128.7,63834.0
2022-01-17,109.0,104.07,103.84,,206.4805057955743,105.39,2308636.0,109.12,1260691.0,114.49,671802.0,119.0,175033.0,124.05,93835.0,128.5,63934.0
2022-01-18,109.0,104.1867,104.17,163570.0,212.06509539842872,105.4,2348006.0,109.03,1302856.0,114.37,683646.0,118.8,176486.0,123.85,92835.0,128.25,60770.0
2022-01-19,109.0,104.2383,104.24,191500.0,212.27777777777777,105.36,2373448.0,108.9,1324179.0,114.16,686749.0,118.59,181587.0,123.5,99753.0,128.0,60770.0
2022-01-20,109.0,104.3033,104.31,129420.0,221.12994350282486,105.33,2366260.0,108.87,1330249.0,114.11,676684.0,118.6,185188.0,123.55,115696.0,128.15,66435.0
2022-01-21,109.25,104.3533,104.34,208390.0,224.67378410438909,105.28,2368043.0,108.8,1361008.0,114.08,676465.0,118.62,185579.0,123.75,120105.0,128.4,69065.0
2022-01-22,109.25,104.3533,104.34,,224.67378410438909,105.28,2368043.0,108.8,1361008.0,114.08,676465.0,118.62,185579.0,123.75,120105.0,128.4,69065.0
2022-01-23,109.25,104.3533,104.34,,224.67378410438909,105.28,2368043.0,108.8,1361008.0,114.08,676465.0,118.62,185579.0,123.75,120105.0,128.4,69065.0
2022-01-24,109.5,104.5317,104.53,162900.0,219.79418886198548,105.18,2366060.0,108.68,1352357.0,114.1,707386.0,118.75,196102.0,123.95,120814.0,128.75,72125.0
2022-01-25,109.5,104.6033,104.62,123600.0,231.19158878504672,105.15,2331403.0,108.67,1346929.0,114.16,724344.0,118.85,203044.0,124.05,116742.0,128.85,75695.0
2022-01-26,109.5,104.6833,104.7,154790.0,228.94131185270427,105.11,2319888.0,108.67,1449863.0,114.25,767675.0,119.14,227717.0,124.28,114232.0,129.25,75749.0
2022-01-27,110.0,104.7583,104.77,270730.0,230.1267281105991,104.96,2278714.0,108.66,1542585.0,114.56,825891.0,119.83,261728.0,125.15,117342.0,130.2,72845.0
2022-01-28,110.25,104.8267,104.84,156100.0,220.5666316894019,105.01,2136379.0,108.27,1705413.0,113.76,883927.0,118.65,308113.0,123.65,132547.0,128.75,72845.0
2022-01-29,110.25,104.8267,104.84,,220.5666316894019,105.01,2136379.0,108.27,1705413.0,113.76,883927.0,118.65,308113.0,123.65,132547.0,128.75,72845.0
2022-01-30,110.25,104.8267,104.84,,220.5666316894019,105.01,2136379.0,108.27,1705413.0,113.76,883927.0,118.65,308113.0,123.65,132547.0,128.75,72845.0
2022-01-31,110.25,105.015,105.02,202640.0,223.24380165289256,105.02,2136379.0,107.87,2633981.0,113.0,930092.0,117.6,380988.0,122.5,135443.0,127.2,75958.0
2022-02-01,110.25,105.135,105.12,121700.0,222.62396694214877,107.79,2758839.0,112.81,993274.0,117.4,398812.0,122.4,129013.0,127.1,76453.0,131.5,48234.0
2022-02-02,110.25,105.2167,105.2,122250.0,219.4994786235662,107.7,2792197.0,112.45,994633.0,116.85,398017.0,121.7,126428.0,126.4,77848.0,130.5,49270.0
2022-02-03,110.5,105.31,105.31,160760.0,220.21505376344084,107.7,2784377.0,112.41,999330.0,116.79,401712.0,121.4,129723.0,125.85,87698.0,130.35,52169.0
2022-02-04,110.75,105.415,105.41,127470.0,219.3548387096774,107.74,2829195.0,112.42,997607.0,116.75,394642.0,121.45,129590.0,125.75,89729.0,130.3,52371.0
2022-02-05,110.75,105.415,105.41,,219.3548387096774,107.74,2829195.0,112.42,997607.0,116.75,394642.0,121.45,129590.0,125.75,89729.0,130.3,52371.0
2022-02-06,110.75,105.415,105.41,,219.3548387096774,107.74,2829195.0,112.42,997607.0,116.75,394642.0,121.45,129590.0,125.75,89729.0,130.3,52371.0
2022-02-07,111.0,105.695,105.68,179100.0,221.34471718249736,107.71,2875572.0,112.39,1018317.0,116.56,393033.0,121.25,129674.0,125.55,93790.0,130.1,52440.0
2022-02-08,111.0,105.795,105.82,124740.0,217.18415417558887,107.7,2930116.0,112.41,1018541.0,116.63,392342.0,121.29,137729.0,125.7,90925.0,130.2,50742.0
2022-02-09,111.0,105.905,105.89,92000.0,214.49353448275863,107.68,2948584.0,112.41,1008580.0,116.65,393496.0,121.34,139507.0,125.9,92075.0,130.35,50744.0
2022-02-10,111.25,106.005,106.01,116860.0,216.84723726977248,107.69,3006242.0,112.45,1036301.0,116.71,392639.0,121.43,137527.0,125.95,91964.0,130.42,50638.0
2022-02-11,111.25,106.1133,106.15,159680.0,218.327796234773,107.62,3011360.0,112.37,1039201.0,116.58,394437.0,121.3,135807.0,125.9,92083.0,130.3,50243.0
2022-02-12,111.25,106.1133,106.15,,218.327796234773,107.62,3011360.0,112.37,1039201.0,116.58,394437.0,121.3,135807.0,125.9,92083.0,130.3,50243.0
2022-02-13,111.25,106.1133,106.15,,218.327796234773,107.62,3011360.0,112.37,1039201.0,116.58,394437.0,121.3,135807.0,125.9,92083.0,130.3,50243.0
2022-02-14,111.75,106.3917,106.36,282230.0,215.94444444444446,107.58,3012236.0,112.27,1048933.0,116.54,397112.0,121.2,138506.0,125.75,93794.0,130.3,50243.0
2022-02-15,112.0,106.4767,106.47,171380.0,214.50381679389312,107.58,3001039.0,112.26,1059897.0,116.5,396204.0,121.25,139441.0,125.69,94091.0,130.35,50243.0
2022-02-16,112.0,106.575,106.58,112180.0,210.03086419753086,107.56,3001299.0,112.1,1078982.0,116.29,407151.0,120.95,145329.0,125.35,94093.0,129.75,50615.0
2022-02-17,112.0,106.6767,106.67,72430.0,212.1951219512195,107.51,2978547.0,111.91,1087829.0,115.85,421939.0,120.43,148805.0,124.75,97183.0,129.15,49216.0
2022-02-18,112.0,106.7783,106.78,111910.0,208.88429752066116,107.51,2976279.0,111.85,1098432.0,115.82,428294.0,120.3,152811.0,124.61,100262.0,129.1,49210.0
2022-02-19,112.0,106.7783,106.78,,208.88429752066116,107.51,2976279.0,111.85,1098432.0,115.82,428294.0,120.3,152811.0,124.61,100262.0,129.1,49210.0
2022-02-20,112.0,106.7783,106.78,,208.88429752066116,107.51,2976279.0,111.85,1098432.0,115.82,428294.0,120.3,152811.0,124.61,100262.0,129.1,49210.0
2022-02-21,112.25,107.055,106.78,,210.38223140495867,107.51,2965575.0,111.85,1110887.0,115.85,441402.0,120.37,151918.0,124.75,100472.0,129.09,53210.0
2022-02-22,112.5,107.1567,107.19,121730.0,204.8577036310108,107.49,2916932.0,111.85,1176653.0,116.14,468271.0,120.75,167728.0,125.29,101672.0,129.54,54882.0
2022-02-23,112.5,107.3,107.28,168770.0,208.74505928853756,107.46,2960880.0,111.83,1285776.0,116.04,515932.0,120.64,168330.0,125.05,105657.0,129.25,55935.0
2022-02-24,112.5,107.38,107.38,159870.0,205.31594784353058,107.43,2918759.0,111.7,1542893.0,116.02,543079.0,120.68,189238.0,125.0,104305.0,129.25,54032.0
2022-02-25,112.5,107.4417,107.45,199550.0,201.8200202224469,107.44,2918759.0,111.74,2272336.0,115.99,562644.0,120.6,214814.0,125.15,105659.0,129.35,52302.0
2022-02-26,112.5,107.4417,107.45,,201.8200202224469,107.44,2918759.0,111.74,2272336.0,115.99,562644.0,120.6,214814.0,125.15,105659.0,129.35,52302.0
2022-02-27,112.5,107.4417,107.45,,201.8200202224469,107.44,2918759.0,111.74,2272336.0,115.99,562644.0,120.6,214814.0,125.15,105659.0,129.35,52302.0
2022-02-28,112.5,107.4417,107.45,,210.77085533262934,107.44,2918759.0,111.74,2272336.0,115.99,562644.0,120.6,214814.0,125.15,105659.0,129.35,52302.0
2022-03-01,112.5,107.4417,107.45,,206.83937823834196,107.44,2918759.0,111.74,2272336.0,115.99,562644.0,120.6,214814.0,125.15,105659.0,129.35,52302.0
2022-03-02,113.0,107.935,107.93,,205.1061678463094,111.57,2519117.0,115.69,595944.0,120.2,218436.0,124.6,105828.0,128.8,53957.0,133.65,34967.0
2022-03-03,113.25,108.0383,108.03,,205.85585585585585,111.53,2554867.0,115.55,619093.0,119.9,220085.0,124.19,107719.0,128.33,53939.0,133.18,34967.0
2022-03-04,113.25,108.1617,108.13,,203.12825860271116,111.53,2594121.0,115.54,634134.0,119.88,220932.0,124.1,108167.0,128.25,53673.0,133.1,34887.0
2022-03-05,113.25,108.1617,108.13,,203.12825860271116,111.53,2594121.0,115.54,634134.0,119.88,220932.0,124.1,108167.0,128.25,53673.0,133.1,34887.0
2022-03-06,113.25,108.1617,108.13,,203.12825860271116,111.53,2594121.0,115.54,634134.0,119.88,220932.0,124.1,108167.0,128.25,53673.0,133.1,34887.0
2022-03-07,113.75,108.4517,108.44,,203.62239297475304,111.45,2646083.0,115.42,653000.0,119.8,224782.0,124.0,115787.0,128.1,56370.0,133.1,40349.0
2022-03-08,113.75,108.5567,108.56,,201.01279317697225,111.45,2681137.0,115.38,663715.0,119.77,228561.0,123.95,118888.0,128.05,58321.0,133.15,42400.0
2022-03-09,114.0,108.6767,108.68,,193.66834170854273,111.36,2705737.0,115.27,671048.0,119.6,244648.0,123.75,122451.0,127.8,58588.0,132.62,42777.0
2022-03-10,114.0,108.7833,108.77,,193.78640776699027,111.26,2710687.0,115.19,689997.0,119.5,264020.0,123.56,116267.0,127.6,61793.0,132.1,42739.0
2022-03-11,114.0,108.8867,108.88,,193.39250493096645,111.16,2703526.0,115.0,695786.0,119.25,263958.0,123.32,122914.0,127.36,61793.0,131.5,42739.0
2022-03-12,114.0,108.8867,108.88,,193.39250493096645,111.16,2703526.0,115.0,695786.0,119.25,263958.0,123.32,122914.0,127.36,61793.0,131.5,42739.0
2022-03-13,114.0,108.8867,108.88,,193.39250493096645,111.16,2703526.0,115.0,695786.0,119.25,263958.0,123.32,122914.0,127.36,61793.0,131.5,42739.0
2022-03-14,114.25,109.21,109.2,,188.5584677419355,111.09,2689204.0,114.86,697544.0,119.12,261434.0,123.1,123107.0,127.15,63754.0,131.41,54824.0
2022-03-15,114.5,109.305,109.32,,188.82175226586102,111.1,2671233.0,114.94,695693.0,119.25,262993.0,123.3,123479.0,127.35,62805.0,131.95,49721.0
2022-03-16,114.5,109.4267,109.41,,195.1231527093596,111.12,2674002.0,114.94,705575.0,119.33,269768.0,123.4,122682.0,127.36,63894.0,132.15,50345.0
2022-03-17,114.5,109.52,109.51,,194.3116634799235,111.21,2673599.0,115.15,701559.0,119.65,272491.0,123.6,121295.0,127.75,64712.0,132.5,50242.0
2022-03-18,114.75,109.6367,109.7,,194.83430799220272,111.21,2699786.0,115.29,718309.0,119.95,274872.0,124.0,122130.0,128.2,64712.0,133.1,44558.0
2022-03-19,114.75,109.6367,109.7,,194.83430799220272,111.21,2699786.0,115.29,718309.0,119.95,274872.0,124.0,122130.0,128.2,64712.0,133.1,44558.0
2022-03-20,114.75,109.6367,109.7,,194.83430799220272,111.21,2699786.0,115.29,718309.0,119.95,274872.0,124.0,122130.0,128.2,64712.0,133.1,44558.0
2022-03-21,115.0,109.9917,109.97,,195.3065134099617,111.13,2696881.0,115.13,722954.0,119.58,295331.0,123.73,130504.0,127.67,65718.0,132.8,45558.0
2022-03-22,115.25,110.0717,110.07,,199.0882917466411,111.13,2658589.0,115.1,744660.0,119.6,296855.0,123.85,130734.0,127.8,67674.0,133.0,47544.0
2022-03-23,115.5,110.185,110.18,,200.2921129503408,111.11,2664489.0,115.15,764377.0,119.7,297176.0,124.05,133764.0,128.25,66466.0,133.4,47345.0
2022-03-24,115.5,110.185,110.18,,189.5852534562212,111.11,2664489.0,115.15,764377.0,119.7,297176.0,124.05,133764.0,128.25,66466.0,133.4,47345.0
2022-03-25,115.5,110.39,110.38,,199.71962616822432,111.1,2723337.0,115.2,786309.0,119.85,304551.0,124.33,144145.0,128.65,65503.0,133.85,47345.0
2022-03-26,115.5,110.39,110.38,,199.71962616822432,111.1,2723337.0,115.2,786309.0,119.85,304551.0,124.33,144145.0,128.65,65503.0,133.85,47345.0
2022-03-27,115.5,110.39,110.38,,199.71962616822432,111.1,2723337.0,115.2,786309.0,119.85,304551.0,124.33,144145.0,128.65,65503.0,133.85,47345.0
2022-03-28,115.75,110.7033,110.68,,194.57436856875586,111.04,2682411.0,115.28,831121.0,120.01,330235.0,124.5,149539.0,129.0,67189.0,134.0,47730.0
2022-03-29,115.75,110.8033,110.82,,191.48737137511694,111.04,2680248.0,115.49,909754.0,120.4,353824.0,125.1,159546.0,129.8,119397.0,135.1,46425.0
2022-03-30,116.0,110.9167,110.89,,191.82825484764544,110.98,2655628.0,115.31,1055931.0,120.32,398087.0,125.12,177630.0,129.9,132321.0,135.2,45425.0
2022-03-31,116.0,110.9783,111.01,,190.60185185185185,110.98,2655628.0,115.35,1935379.0,120.37,469407.0,125.2,179040.0,130.0,141866.0,135.4,46505.0
2022-04-01,116.25,111.125,111.12,,188.7837837837838,115.45,1905251.0,120.4,452689.0,125.35,182034.0,130.0,138345.0,135.8,46155.0,140.64,52733.0
2022-04-02,116.25,111.125,111.12,,188.7837837837838,115.45,1905251.0,120.4,452689.0,125.35,182034.0,130.0,138345.0,135.8,46155.0,140.64,52733.0
2022-04-03,116.25,111.125,111.12,,188.7837837837838,115.45,1905251.0,120.4,452689.0,125.35,182034.0,130.0,138345.0,135.8,46155.0,140.64,52733.0
2022-04-04,116.75,111.5583,111.57,,189.14623069936422,115.46,1966743.0,120.75,458356.0,125.85,185848.0,130.75,138275.0,136.5,46255.0,141.8,52783.0
2022-04-05,116.75,111.6983,111.7,,189.12429378531075,115.46,2025596.0,120.93,478404.0,126.2,187376.0,131.21,139275.0,136.96,46255.0,142.5,52783.0
2022-04-06,117.0,111.8433,111.83,,189.5337773549001,115.35,2062217.0,120.88,484322.0,126.1,190961.0,131.15,135203.0,136.95,46055.0,142.39,50833.0
2022-04-07,117.25,111.9783,111.97,,190.737148399612,115.35,2065032.0,121.05,481759.0,126.4,191202.0,131.38,136345.0,137.5,46060.0,142.8,49434.0
2022-04-08,117.25,112.13,112.16,,190.58252427184465,115.38,2161125.0,121.55,488373.0,127.3,193352.0,132.8,141585.0,139.0,46059.0,144.0,50362.0
2022-04-09,117.25,112.13,112.16,,190.58252427184465,115.38,2161125.0,121.55,488373.0,127.3,193352.0,132.8,141585.0,139.0,46059.0,144.0,50362.0
2022-04-10,117.25,112.13,112.16,,190.58252427184465,115.38,2161125.0,121.55,488373.0,127.3,193352.0,132.8,141585.0,139.0,46059.0,144.0,50362.0
2022-04-11,117.75,112.5917,112.58,,191.78356713426854,115.37,2193181.0,121.59,492182.0,127.55,188845.0,132.8,143673.0,138.9,47215.0,144.0,49781.0
2022-04-12,117.75,112.735,112.76,,193.3534743202417,115.36,2226290.0,121.41,499060.0,127.15,185139.0,132.3,146635.0,138.0,48306.0,143.1,55546.0
2022-04-13,118.0,112.9133,112.97,,191.0732196589769,115.35,2270397.0,121.53,493470.0,127.4,195787.0,132.8,158467.0,138.7,49369.0,144.0,62221.0
2022-04-14,118.0,112.9133,112.97,,190.5,115.35,2270397.0,121.53,493470.0,127.4,195787.0,132.8,158467.0,138.7,49369.0,144.0,62221.0
2022-04-15,118.0,112.9133,112.97,,190.5,115.35,2270397.0,121.53,493470.0,127.4,195787.0,132.8,158467.0,138.7,49369.0,144.0,62221.0
2022-04-16,118.0,112.9133,112.97,,190.5,115.35,2270397.0,121.53,493470.0,127.4,195787.0,132.8,158467.0,138.7,49369.0,144.0,62221.0
2022-04-17,118.0,112.9133,112.97,,190.5,115.35,2270397.0,121.53,493470.0,127.4,195787.0,132.8,158467.0,138.7,49369.0,144.0,62221.0
2022-04-18,118.5,113.6617,113.63,,190.2270483711747,115.34,2393409.0,121.65,492883.0,127.7,195341.0,133.35,180826.0,139.31,50239.0,144.9,60012.0
2022-04-19,118.75,113.7867,113.78,,191.69960474308303,115.29,2365905.0,121.66,496651.0,127.78,197816.0,133.8,200273.0,140.0,50439.0,146.0,59947.0
2022-04-20,119.0,113.9483,113.96,,194.52191235059763,115.28,2329416.0,121.41,545263.0,127.3,203002.0,133.2,198354.0,139.5,49293.0,145.35,59806.0
2022-04-21,119.25,114.1067,114.09,,202.41850683491063,115.3,2310923.0,121.18,562774.0,127.0,210457.0,132.56,202202.0,138.5,50273.0,144.25,61937.0
2022-04-22,119.5,114.2517,114.23,,208.53131749460044,115.31,2272069.0,121.07,588260.0,126.85,215273.0,132.45,200538.0,138.55,49658.0,144.3,61201.0
2022-04-23,119.5,114.2517,114.23,,208.53131749460044,115.31,2272069.0,121.07,588260.0,126.85,215273.0,132.45,200538.0,138.55,49658.0,144.3,61201.0
2022-04-24,119.5,114.2517,114.23,,208.53131749460044,115.31,2272069.0,121.07,588260.0,126.85,215273.0,132.45,200538.0,138.55,49658.0,144.3,61201.0
2022-04-25,119.5,114.695,114.68,,208.49462365591395,115.3,2235927.0,121.02,613026.0,126.87,227429.0,132.65,195902.0,138.95,52780.0,144.9,60277.0
2022-04-26,119.75,114.8417,114.85,,214.8816234498309,115.3,2173037.0,121.0,740809.0,127.1,261824.0,133.0,192843.0,139.5,52932.0,145.5,60372.0
2022-04-27,119.75,115.005,115.04,,208.69803063457329,115.28,2141382.0,121.0,944708.0,127.14,312879.0,133.41,217803.0,140.38,66187.0,146.4,65231.0
2022-04-28,119.75,115.1733,115.18,,205.17241379310346,115.3,1839555.0,120.96,1315908.0,127.18,350398.0,133.62,224907.0,140.8,66573.0,147.2,63426.0
2022-04-29,120.25,115.3117,115.31,,204.73047304730474,115.31,1839555.0,120.73,2465967.0,127.05,361946.0,133.7,243283.0,141.3,63043.0,147.55,62675.0
2022-04-30,120.25,115.3117,115.31,,204.73047304730474,115.31,1839555.0,120.73,2465967.0,127.05,361946.0,133.7,243283.0,141.3,63043.0,147.55,62675.0
2022-05-01,120.25,115.3117,115.31,,204.73047304730474,115.31,1839555.0,120.73,2465967.0,127.05,361946.0,133.7,243283.0,141.3,63043.0,147.55,62675.0
2022-05-02,120.5,115.7517,115.73,,210.2957906712173,120.6,2536005.0,126.71,396617.0,133.59,242258.0,141.4,64217.0,147.7,63138.0,155.0,31518.0
2022-05-03,121.0,115.875,115.87,,207.0414847161572,120.57,2623074.0,126.4,403716.0,133.03,243179.0,140.45,67960.0,146.8,61600.0,153.5,44083.0
2022-05-04,121.25,116.015,116.02,,204.03659849300325,120.49,2703769.0,126.2,431375.0,132.4,252557.0,139.42,65402.0,145.85,69444.0,152.3,51798.0
2022-05-05,121.25,116.1583,116.16,,202.2421524663677,120.4,2710754.0,125.91,436110.0,131.95,257667.0,138.35,73833.0,144.25,75594.0,151.0,57371.0
2022-05-06,121.75,116.305,116.3,,204.14798206278027,120.39,2704297.0,125.84,455793.0,131.78,282417.0,138.2,85744.0,144.27,78921.0,150.65,63785.0
2022-05-07,121.75,116.305,116.3,,204.14798206278027,120.39,2704297.0,125.84,455793.0,131.78,282417.0,138.2,85744.0,144.27,78921.0,150.65,63785.0
2022-05-08,121.75,116.305,116.3,,204.14798206278027,120.39,2704297.0,125.84,455793.0,131.78,282417.0,138.2,85744.0,144.27,78921.0,150.65,63785.0
2022-05-09,121.75,116.755,116.75,,204.14746543778801,120.29,2699939.0,125.79,455963.0,131.7,283438.0,138.05,83932.0,144.05,83929.0,150.35,67633.0
2022-05-10,122.0,116.915,116.93,,199.0406320541761,120.4,2707213.0,126.06,456228.0,132.15,341124.0,138.7,86922.0,144.9,91709.0,151.5,76633.0
2022-05-11,122.25,117.0883,117.08,,198.23594266813672,120.42,2716862.0,126.28,455111.0,132.35,354192.0,139.07,84256.0,145.35,92609.0,152.0,77937.0
2022-05-12,122.5,117.2517,117.25,,200.88105726872246,120.34,2745851.0,126.24,448484.0,132.31,357108.0,139.07,84523.0,145.4,87372.0,152.0,77693.0
2022-05-13,123.0,117.4067,117.43,,212.23814773980155,120.32,2747107.0,126.26,461084.0,132.35,356558.0,139.3,83993.0,145.65,89192.0,152.45,77795.0
2022-05-14,123.0,117.4067,117.43,,212.23814773980155,120.32,2747107.0,126.26,461084.0,132.35,356558.0,139.3,83993.0,145.65,89192.0,152.45,77795.0
2022-05-15,123.0,117.4067,117.43,,212.23814773980155,120.32,2747107.0,126.26,461084.0,132.35,356558.0,139.3,83993.0,145.65,89192.0,152.45,77795.0
2022-05-16,123.0,117.8717,117.86,,212.23060344827587,120.29,2720893.0,126.24,474283.0,132.5,365485.0,139.65,109777.0,146.15,89616.0,153.0,80556.0
2022-05-17,123.25,118.0383,118.07,,209.90516332982085,120.3,2757462.0,126.18,502614.0,132.56,365732.0,139.7,104455.0,146.25,93586.0,152.85,81486.0
2022-05-18,123.25,118.0383,118.07,,215.35135135135135,120.3,2757462.0,126.18,502614.0,132.56,365732.0,139.7,104455.0,146.25,93586.0,152.85,81486.0
2022-05-19,123.5,118.3583,118.34,,209.6112311015119,120.3,2758387.0,126.1,506586.0,132.46,374298.0,139.61,104065.0,146.05,99672.0,152.6,84804.0
2022-05-20,123.75,118.4917,118.48,,210.80485115766263,120.23,2758274.0,125.8,529893.0,132.05,385412.0,138.95,127573.0,145.45,94183.0,152.1,80660.0
2022-05-21,123.75,118.4917,118.48,,210.80485115766263,120.23,2758274.0,125.8,529893.0,132.05,385412.0,138.95,127573.0,145.45,94183.0,152.1,80660.0
2022-05-22,123.75,118.4917,118.48,,210.80485115766263,120.23,2758274.0,125.8,529893.0,132.05,385412.0,138.95,127573.0,145.45,94183.0,152.1,80660.0
2022-05-23,124.0,118.9483,118.94,,209.572192513369,120.2,2737625.0,125.68,569667.0,131.67,403066.0,138.49,133575.0,144.75,94066.0,151.25,76441.0
2022-05-24,124.25,119.1017,119.11,,211.97860962566847,120.16,2724658.0,125.68,619302.0,131.55,431534.0,138.26,132252.0,144.31,99175.0,150.66,77041.0
2022-05-25,124.25,119.1017,119.11,,211.52614727854856,120.16,2724658.0,125.68,619302.0,131.55,431534.0,138.26,132252.0,144.31,99175.0,150.66,77041.0
2022-05-26,124.25,119.4167,119.41,,213.6315228966986,120.15,2658804.0,125.6,742264.0,131.53,453427.0,138.25,132709.0,144.38,104339.0,150.75,74955.0
2022-05-27,124.5,119.5583,119.55,,211.4605543710021,120.16,2570436.0,125.57,847698.0,131.45,478169.0,138.1,137563.0,144.3,97173.0,150.7,73303.0
2022-05-28,124.5,119.5583,119.55,,211.4605543710021,120.16,2570436.0,125.57,847698.0,131.45,478169.0,138.1,137563.0,144.3,97173.0,150.7,73303.0
2022-05-29,124.5,119.5583,119.55,,211.4605543710021,120.16,2570436.0,125.57,847698.0,131.45,478169.0,138.1,137563.0,144.3,97173.0,150.7,73303.0
2022-05-30,125.0,120.005,119.55,,211.03411513859274,120.17,2329417.0,125.52,1088483.0,131.44,495339.0,138.1,140049.0,144.31,97238.0,150.71,74076.0
2022-05-31,125.25,120.1617,120.2,,211.72638436482083,120.16,2329417.0,125.47,2276169.0,131.31,528817.0,137.96,153407.0,144.25,98609.0,150.7,80327.0
2022-06-01,125.25,120.325,120.32,,211.83333333333334,125.44,2272917.0,131.21,581128.0,137.85,154117.0,144.1,96711.0,150.45,80702.0,156.8,101982.0
2022-06-02,125.5,120.4683,120.46,,208.54189336235038,125.41,2294845.0,130.91,641674.0,137.5,160047.0,143.7,101224.0,150.0,78432.0,156.2,101540.0
2022-06-03,126.0,120.6283,120.68,,209.49506037321626,125.42,2315072.0,130.91,652158.0,137.52,168153.0,143.67,104692.0,150.05,78009.0,156.35,109529.0
2022-06-04,126.0,120.6283,120.68,,209.49506037321626,125.42,2315072.0,130.91,652158.0,137.52,168153.0,143.67,104692.0,150.05,78009.0,156.35,109529.0
2022-06-05,126.0,120.6283,120.68,,209.49506037321626,125.42,2315072.0,130.91,652158.0,137.52,168153.0,143.67,104692.0,150.05,78009.0,156.35,109529.0
2022-06-06,126.25,121.1083,121.11,,209.64125560538116,125.41,2351973.0,130.94,661109.0,137.7,167422.0,144.0,106965.0,150.5,79458.0,157.2,118153.0
2022-06-07,126.25,121.2783,121.29,,210.94808126410837,125.38,2375271.0,130.97,686101.0,137.88,178323.0,144.35,133485.0,150.9,85267.0,157.43,123491.0
2022-06-08,126.5,121.455,121.45,,210.33681765389085,125.38,2365822.0,130.98,677209.0,137.96,180157.0,144.45,134112.0,151.15,85307.0,157.5,123221.0
2022-06-09,126.75,121.625,121.62,,221.99747155499367,125.41,2432494.0,131.12,727167.0,138.4,175024.0,144.9,133584.0,151.7,90456.0,158.5,123282.0
2022-06-10,127.0,121.7933,121.79,,229.46428571428572,125.39,2458002.0,131.1,774936.0,138.54,165071.0,145.25,122377.0,152.4,91639.0,159.4,125097.0
2022-06-11,127.0,121.7933,121.79,,229.46428571428572,125.39,2458002.0,131.1,774936.0,138.54,165071.0,145.25,122377.0,152.4,91639.0,159.4,125097.0
2022-06-12,127.0,121.7933,121.79,,229.46428571428572,125.39,2458002.0,131.1,774936.0,138.54,165071.0,145.25,122377.0,152.4,91639.0,159.4,125097.0
2022-06-13,127.25,122.2983,122.3,,242.93628808864267,125.36,2526966.0,131.09,827130.0,138.71,172206.0,145.65,128413.0,152.95,95588.0,160.0,126776.0
2022-06-14,127.5,122.475,122.5,,241.78082191780823,125.35,2486296.0,131.1,862373.0,138.6,169961.0,145.57,120708.0,152.75,82307.0,159.85,136140.0
2022-06-15,127.75,122.69,122.7,,238.81491344873504,125.35,2586315.0,131.17,900987.0,138.65,175150.0,145.7,136905.0,152.8,78709.0,159.9,131999.0
2022-06-16,127.75,122.895,122.92,,240.6929347826087,125.33,2680835.0,131.18,1037235.0,138.87,194943.0,146.2,152252.0,153.6,80719.0,160.8,132366.0
2022-06-17,127.75,122.895,122.92,,237.78523489932886,125.33,2680835.0,131.18,1037235.0,138.87,194943.0,146.2,152252.0,153.6,80719.0,160.8,132366.0
2022-06-18,127.75,122.895,122.92,,237.78523489932886,125.33,2680835.0,131.18,1037235.0,138.87,194943.0,146.2,152252.0,153.6,80719.0,160.8,132366.0
2022-06-19,127.75,122.895,122.92,,237.78523489932886,125.33,2680835.0,131.18,1037235.0,138.87,194943.0,146.2,152252.0,153.6,80719.0,160.8,132366.0
2022-06-20,127.75,122.895,122.92,,237.78523489932886,125.33,2680835.0,131.18,1037235.0,138.87,194943.0,146.2,152252.0,153.6,80719.0,160.8,132366.0
2022-06-21,128.5,123.685,123.67,,239.22764227642276,125.23,2664949.0,131.07,1115806.0,138.7,204534.0,145.97,152483.0,153.35,83074.0,160.65,135873.0
2022-06-22,128.5,123.8617,123.85,,235.9731543624161,125.23,2669898.0,131.04,1147436.0,138.64,221506.0,145.9,152623.0,153.4,82046.0,160.8,128703.0
2022-06-23,128.75,124.0333,124.07,,236.78082191780823,125.23,2636729.0,131.05,1255876.0,138.82,234309.0,146.15,155291.0,154.0,85287.0,161.5,140733.0
2022-06-24,128.75,124.255,124.24,,237.6223776223776,125.22,2669985.0,131.16,1434083.0,139.37,255212.0,147.27,163374.0,155.0,92486.0,162.5,144702.0
2022-06-25,128.75,124.255,124.24,,237.6223776223776,125.22,2669985.0,131.16,1434083.0,139.37,255212.0,147.27,163374.0,155.0,92486.0,162.5,144702.0
2022-06-26,128.75,124.255,124.24,,237.6223776223776,125.22,2669985.0,131.16,1434083.0,139.37,255212.0,147.27,163374.0,155.0,92486.0,162.5,144702.0
2022-06-27,129.75,124.705,124.71,,243.34733893557424,125.2,2590882.0,131.01,1585463.0,139.0,253950.0,146.75,163780.0,154.4,93458.0,162.0,143111.0
2022-06-28,129.75,124.875,124.87,,249.64788732394368,125.21,2367421.0,131.01,1988182.0,139.93,308809.0,148.6,196435.0,156.3,98469.0,164.25,146341.0
2022-06-29,129.75,125.045,125.04,,249.721059972106,125.2,2210373.0,131.1,2326993.0,139.86,457667.0,149.15,214585.0,157.25,94035.0,166.0,148638.0
2022-06-30,130.0,125.215,125.23,,254.99276410998553,125.22,2210373.0,131.3,3190732.0,139.9,543436.0,149.1,225221.0,158.2,102314.0,167.0,153300.0
2022-07-01,130.25,125.4117,125.45,,254.05027932960894,131.38,3229064.0,140.05,580053.0,149.5,228577.0,158.85,109662.0,168.1,158093.0,176.75,44782.0
2022-07-02,130.25,125.4117,125.45,,254.05027932960894,131.38,3229064.0,140.05,580053.0,149.5,228577.0,158.85,109662.0,168.1,158093.0,176.75,44782.0
2022-07-03,130.25,125.4117,125.45,,254.05027932960894,131.38,3229064.0,140.05,580053.0,149.5,228577.0,158.85,109662.0,168.1,158093.0,176.75,44782.0
2022-07-04,131.5,125.9883,125.45,,244.9022346368715,131.95,3652962.0,142.02,649147.0,152.65,224086.0,163.0,111497.0,172.8,159230.0,183.0,49889.0
2022-07-05,131.75,126.1833,126.2,,273.46491228070175,131.94,3724233.0,141.95,658322.0,152.6,232199.0,162.9,121029.0,172.7,154410.0,182.5,54855.0
2022-07-06,132.0,126.3783,126.39,,279.1479820627803,131.87,3735439.0,141.86,666912.0,152.31,243924.0,162.75,123115.0,172.15,158534.0,181.6,57775.0
2022-07-07,132.25,126.57,126.56,,293.8714499252616,131.79,3774959.0,141.74,741499.0,152.15,250119.0,162.5,132809.0,171.85,158322.0,181.5,61359.0
2022-07-08,133.25,126.7783,126.8,,298.50299401197606,131.78,3825298.0,141.78,802356.0,152.1,253085.0,162.35,131502.0,172.0,153630.0,181.35,64350.0
2022-07-09,133.25,126.7783,126.8,,298.50299401197606,131.78,3825298.0,141.78,802356.0,152.1,253085.0,162.35,131502.0,172.0,153630.0,181.35,64350.0
2022-07-10,133.25,126.7783,126.8,,298.50299401197606,131.78,3825298.0,141.78,802356.0,152.1,253085.0,162.35,131502.0,172.0,153630.0,181.35,64350.0
2022-07-11,134.25,127.3717,127.35,,298.3231707317073,131.2,3820839.0,140.69,807818.0,150.9,253499.0,161.0,132775.0,170.0,154432.0,179.05,66602.0
2022-07-12,134.75,127.5733,127.59,,293.3744221879815,131.4,3791258.0,140.2,809606.0,148.75,255423.0,157.5,137563.0,166.6,144723.0,175.0,67897.0
2022-07-13,135.0,127.7933,127.82,,293.2753164556962,131.31,3797328.0,139.96,811448.0,148.76,258016.0,157.5,142487.0,166.2,152455.0,174.65,71046.0
2022-07-14,135.0,128.0167,128.0,,297.47557003257333,131.6,3822693.0,140.8,814800.0,150.24,259753.0,159.89,139390.0,168.3,153232.0,177.0,72294.0
2022-07-15,135.0,128.2317,128.25,,303.1001589825119,131.5,3865852.0,141.2,843385.0,151.3,338634.0,161.49,145682.0,170.6,158981.0,179.75,77396.0
2022-07-16,135.0,128.2317,128.25,,303.1001589825119,131.5,3865852.0,141.2,843385.0,151.3,338634.0,161.49,145682.0,170.6,158981.0,179.75,77396.0
2022-07-17,135.0,128.2317,128.25,,303.1001589825119,131.5,3865852.0,141.2,843385.0,151.3,338634.0,161.49,145682.0,170.6,158981.0,179.75,77396.0
2022-07-18,135.25,128.8983,128.91,,302.49609984399376,131.25,3871295.0,141.05,958794.0,151.05,354446.0,161.33,159982.0,170.6,163729.0,179.6,83902.0
2022-07-19,135.75,129.1267,129.14,,306.55608214849923,131.23,3857960.0,141.04,1079823.0,151.04,354847.0,161.2,162956.0,170.5,167249.0,179.35,89019.0
2022-07-20,135.75,129.39,129.38,,315.7762938230384,131.26,3860413.0,141.07,1127179.0,151.01,353523.0,161.35,171231.0,170.6,171617.0,179.8,99993.0
2022-07-21,136.0,129.61,129.58,,336.1720067453626,131.2,3871586.0,141.85,1433903.0,152.6,364590.0,162.9,182405.0,172.5,162672.0,181.75,107095.0
2022-07-22,136.0,129.76,129.74,,327.1915584415584,131.22,3863489.0,142.05,1547930.0,154.0,510450.0,165.6,178234.0,176.3,180362.0,187.0,110016.0
2022-07-23,136.0,129.76,129.74,,327.1915584415584,131.22,3863489.0,142.05,1547930.0,154.0,510450.0,165.6,178234.0,176.3,180362.0,187.0,110016.0
2022-07-24,136.0,129.76,129.74,,327.1915584415584,131.22,3863489.0,142.05,1547930.0,154.0,510450.0,165.6,178234.0,176.3,180362.0,187.0,110016.0
2022-07-25,136.75,130.4033,130.4,,331.8111455108359,131.2,3874567.0,141.26,1524722.0,152.8,573041.0,164.5,201759.0,175.5,178226.0,185.5,110909.0
2022-07-26,137.0,130.6233,130.68,,330.50847457627117,131.25,3723590.0,141.32,1730310.0,152.85,581643.0,164.6,226510.0,175.75,174888.0,186.4,114367.0
2022-07-27,137.25,130.8933,130.91,,330.8651026392962,131.24,3573297.0,141.4,1832191.0,153.1,658878.0,165.1,284772.0,176.3,184585.0,187.0,122088.0
2022-07-28,137.25,131.125,131.12,,311.7726657645467,131.24,3131034.0,142.0,2611167.0,153.5,757464.0,165.3,292730.0,177.0,167713.0,187.7,115833.0
2022-07-29,137.25,131.2267,131.27,,289.55128205128204,131.23,3131034.0,142.09,4416601.0,157.5,781675.0,171.8,355361.0,184.0,172035.0,194.5,119871.0
2022-07-30,137.25,131.2267,131.27,,289.55128205128204,131.23,3131034.0,142.09,4416601.0,157.5,781675.0,171.8,355361.0,184.0,172035.0,194.5,119871.0
2022-07-31,137.25,131.2267,131.27,,289.55128205128204,131.23,3131034.0,142.09,4416601.0,157.5,781675.0,171.8,355361.0,184.0,172035.0,194.5,119871.0
2022-08-01,138.25,131.935,131.89,,280.8483290488432,140.9,4391289.0,153.8,773880.0,166.5,354407.0,178.7,173470.0,188.5,124285.0,200.0,41045.0
2022-08-02,138.5,132.1783,132.2,,288.4418901660281,141.4,4438237.0,156.5,771753.0,170.7,359342.0,181.6,176434.0,191.55,141334.0,202.5,47743.0
2022-08-03,138.75,132.41,132.42,,288.4910485933504,141.0,4383262.0,154.7,772839.0,168.41,371708.0,178.6,178635.0,189.0,140998.0,199.4,55853.0
2022-08-04,138.75,132.6417,132.64,,292.3429319371728,139.31,4295924.0,152.1,793388.0,163.7,388072.0,174.0,175546.0,184.0,132596.0,193.0,51144.0
2022-08-05,138.75,132.8867,132.89,,284.50704225352115,138.9,4251146.0,151.9,801834.0,163.55,378320.0,173.7,176157.0,183.5,129917.0,193.5,49140.0
2022-08-06,138.75,132.8867,132.89,,284.50704225352115,138.9,4251146.0,151.9,801834.0,163.55,378320.0,173.7,176157.0,183.5,129917.0,193.5,49140.0
2022-08-07,138.75,132.8867,132.89,,284.50704225352115,138.9,4251146.0,151.9,801834.0,163.55,378320.0,173.7,176157.0,183.5,129917.0,193.5,49140.0
2022-08-08,139.75,133.56,133.57,,282.9615861214374,139.18,4245099.0,152.4,814821.0,164.75,379343.0,174.98,178123.0,184.73,131436.0,194.05,49145.0
2022-08-09,140.0,133.8033,133.85,,286.26444159178436,139.4,4244367.0,153.3,810182.0,166.25,379078.0,177.1,179503.0,187.1,132546.0,197.6,49160.0
2022-08-10,140.0,134.0383,134.05,,286.99346405228755,139.04,4239671.0,153.6,820481.0,167.1,370616.0,177.3,193919.0,188.35,137640.0,198.5,50104.0
2022-08-11,140.0,134.2283,134.27,,283.9490445859873,138.8,4236238.0,153.65,826316.0,167.75,385169.0,178.5,196233.0,189.55,137071.0,201.5,50434.0
2022-08-12,141.0,134.5183,134.59,,285.0061957868649,138.95,4233685.0,154.0,829615.0,168.45,386251.0,179.5,202697.0,191.0,137242.0,203.0,51080.0
2022-08-13,141.0,134.5183,134.59,,285.0061957868649,138.95,4233685.0,154.0,829615.0,168.45,386251.0,179.5,202697.0,191.0,137242.0,203.0,51080.0
2022-08-14,141.0,134.5183,134.59,,285.0061957868649,138.95,4233685.0,154.0,829615.0,168.45,386251.0,179.5,202697.0,191.0,137242.0,203.0,51080.0
2022-08-15,141.0,134.5183,134.59,,276.77496991576413,138.95,4233685.0,154.0,829615.0,168.45,386251.0,179.5,202697.0,191.0,137242.0,203.0,51080.0
2022-08-16,141.75,135.395,135.33,,282.72506082725056,138.8,4226057.0,153.25,845091.0,168.1,397461.0,179.2,209224.0,190.7,139282.0,202.55,51190.0
2022-08-17,142.0,135.57,135.53,,285.45006165228114,138.7,4177793.0,152.65,879032.0,167.25,409008.0,178.6,217531.0,189.9,145173.0,201.35,58001.0
2022-08-18,142.0,135.7733,135.8,,293.2598039215686,138.71,4092158.0,151.65,901911.0,165.9,402187.0,177.45,224415.0,188.6,144336.0,200.1,59421.0
2022-08-19,142.25,136.06,136.17,,301.98209718670074,138.74,4129295.0,151.8,898767.0,167.02,420363.0,178.65,266147.0,189.89,145652.0,202.0,60029.0
2022-08-20,142.25,136.06,136.17,,301.98209718670074,138.74,4129295.0,151.8,898767.0,167.02,420363.0,178.65,266147.0,189.89,145652.0,202.0,60029.0
2022-08-21,142.25,136.06,136.17,,301.98209718670074,138.74,4129295.0,151.8,898767.0,167.02,420363.0,178.65,266147.0,189.89,145652.0,202.0,60029.0
2022-08-22,143.5,136.685,136.64,,297.83415841584156,138.76,4134045.0,151.2,907280.0,166.7,418223.0,178.5,244475.0,189.85,140182.0,202.0,53366.0
2022-08-23,143.75,136.9033,136.95,,298.46335697399525,138.75,4118801.0,150.85,899215.0,166.45,436722.0,178.4,252582.0,189.91,140102.0,202.4,53735.0
2022-08-24,144.0,137.145,137.15,,297.36842105263156,138.69,4099487.0,150.4,909514.0,166.25,454136.0,178.45,259104.0,189.95,143188.0,202.0,65957.0
2022-08-25,144.0,137.3933,137.4,,294.61009174311926,138.65,4057970.0,150.35,906002.0,166.26,509228.0,178.8,266165.0,190.8,147314.0,203.6,64318.0
2022-08-26,144.25,137.6517,137.7,,293.02059496567506,138.69,3908903.0,151.7,963864.0,166.45,602084.0,179.66,278492.0,192.0,149765.0,205.2,64851.0
2022-08-27,144.25,137.6517,137.7,,293.02059496567506,138.69,3908903.0,151.7,963864.0,166.45,602084.0,179.66,278492.0,192.0,149765.0,205.2,64851.0
2022-08-28,144.25,137.6517,137.7,,293.02059496567506,138.69,3908903.0,151.7,963864.0,166.45,602084.0,179.66,278492.0,192.0,149765.0,205.2,64851.0
2022-08-29,145.0,138.325,138.32,,292.1658986175115,138.7,3523781.0,152.3,1296513.0,167.3,709442.0,180.7,280558.0,193.2,155507.0,206.5,67262.0
2022-08-30,145.0,138.5717,138.6,,294.9352179034158,138.7,3293755.0,152.08,1647801.0,167.05,738636.0,180.6,297945.0,194.0,157545.0,208.0,67774.0
2022-08-31,145.0,138.7133,138.73,,295.8692971639951,138.71,3293755.0,151.88,2766025.0,166.75,780952.0,180.05,305268.0,193.9,157958.0,208.25,77226.0
2022-09-01,145.0,139.005,139.03,,289.92762364294333,149.75,2834475.0,165.35,799722.0,178.5,310359.0,192.5,160416.0,206.5,81110.0,217.5,35778.0
2022-09-02,145.0,139.005,139.03,,281.440281030445,149.75,2834475.0,165.35,799722.0,178.5,310359.0,192.5,160416.0,206.5,81110.0,217.5,35778.0
2022-09-03,145.0,139.005,139.03,,281.440281030445,149.75,2834475.0,165.35,799722.0,178.5,310359.0,192.5,160416.0,206.5,81110.0,217.5,35778.0
2022-09-04,145.0,139.005,139.03,,281.440281030445,149.75,2834475.0,165.35,799722.0,178.5,310359.0,192.5,160416.0,206.5,81110.0,217.5,35778.0
2022-09-05,146.0,140.2,139.03,,285.42154566744733,148.38,2847344.0,164.05,802024.0,177.1,313007.0,190.8,155539.0,205.25,82352.0,216.8,38640.0
2022-09-06,146.5,140.5783,140.56,,283.41013824884794,148.39,2909428.0,162.85,817157.0,175.6,311257.0,189.25,153980.0,203.6,77723.0,215.5,39321.0
2022-09-07,147.0,140.82,140.8,,281.8936877076412,148.39,2864658.0,162.34,857502.0,175.18,366519.0,189.19,159702.0,203.7,80509.0,216.0,40186.0
2022-09-08,147.5,141.1767,141.15,,283.07174887892376,148.4,3038408.0,162.8,875601.0,175.9,386019.0,190.75,167237.0,205.8,81430.0,218.0,39786.0
2022-09-09,147.5,141.375,141.38,,278.2037815126051,148.19,3125464.0,162.85,873154.0,176.2,391046.0,191.2,169912.0,206.4,85899.0,219.0,40089.0
2022-09-10,147.5,141.375,141.38,,278.2037815126051,148.19,3125464.0,162.85,873154.0,176.2,391046.0,191.2,169912.0,206.4,85899.0,219.0,40089.0
2022-09-11,147.5,141.375,141.38,,278.2037815126051,148.19,3125464.0,162.85,873154.0,176.2,391046.0,191.2,169912.0,206.4,85899.0,219.0,40089.0
2022-09-12,148.75,142.275,142.28,,276.8409818569904,148.05,3133666.0,163.0,888883.0,176.4,395316.0,192.0,171133.0,207.3,84249.0,220.3,40978.0
2022-09-13,149.0,142.575,142.58,,278.8568257491676,147.98,3176021.0,163.05,888818.0,177.2,415062.0,192.9,175418.0,208.55,85244.0,222.0,40426.0
2022-09-14,149.0,142.875,142.88,,278.7107258938245,147.89,3231682.0,163.55,861780.0,180.3,440658.0,197.35,181111.0,214.2,85315.0,228.45,41288.0
2022-09-15,149.0,143.1817,143.2,,290.8117249154453,147.85,3238580.0,163.1,862784.0,179.55,438614.0,196.5,180914.0,213.5,87933.0,227.9,42589.0
2022-09-16,149.0,143.4967,143.52,,293.38235294117646,147.65,3255260.0,161.65,877025.0,177.5,433743.0,194.0,178150.0,210.3,86538.0,226.0,43056.0
2022-09-17,149.0,143.4967,143.52,,293.38235294117646,147.65,3255260.0,161.65,877025.0,177.5,433743.0,194.0,178150.0,210.3,86538.0,226.0,43056.0
2022-09-18,149.0,143.4967,143.52,,293.38235294117646,147.65,3255260.0,161.65,877025.0,177.5,433743.0,194.0,178150.0,210.3,86538.0,226.0,43056.0
2022-09-19,150.0,144.345,144.37,,291.7564655172414,147.49,3267974.0,160.6,869250.0,175.85,444456.0,192.0,175919.0,207.6,86348.0,222.5,40762.0
2022-09-20,150.5,144.6317,144.64,,294.7368421052632,147.42,3274362.0,160.45,842639.0,175.8,458860.0,191.9,178096.0,207.95,86419.0,222.4,39501.0
2022-09-21,150.75,144.9033,144.89,,304.2420814479638,147.3,3238451.0,160.25,826434.0,175.5,475163.0,191.6,199895.0,207.75,87210.0,222.4,38898.0
2022-09-22,151.0,145.1683,145.16,,308.45714285714286,147.35,3203596.0,161.7,863455.0,176.55,492450.0,193.0,202400.0,209.5,86765.0,224.0,39010.0
2022-09-23,151.25,145.4583,145.44,,308.13397129186603,147.36,3228866.0,162.95,900032.0,178.25,505295.0,194.6,202584.0,211.0,85981.0,225.45,42178.0
2022-09-24,151.25,145.4583,145.44,,308.13397129186603,147.36,3228866.0,162.95,900032.0,178.25,505295.0,194.6,202584.0,211.0,85981.0,225.45,42178.0
2022-09-25,151.25,145.4583,145.44,,308.13397129186603,147.36,3228866.0,162.95,900032.0,178.25,505295.0,194.6,202584.0,211.0,85981.0,225.45,42178.0
2022-09-26,152.25,146.2633,146.27,,308.1956797966963,147.3,3078682.0,162.5,1117691.0,177.95,531023.0,194.55,217596.0,211.5,88090.0,226.1,42837.0
2022-09-27,152.75,146.5583,146.57,,304.9933422103862,147.31,2987290.0,162.1,1227803.0,177.7,552703.0,194.55,215257.0,211.5,95222.0,226.25,43325.0
2022-09-28,153.0,146.8383,146.86,,306.50459921156374,147.35,3013380.0,162.1,1380585.0,177.65,659489.0,194.45,227569.0,211.5,94485.0,226.1,43180.0
2022-09-29,153.0,147.09,147.07,,307.38031914893617,147.29,2907996.0,162.1,1632447.0,178.15,747391.0,194.7,233620.0,211.9,81596.0,226.5,42809.0
2022-09-30,153.25,147.315,147.32,,313.8069705093834,147.32,2907996.0,161.8,2239773.0,177.15,849999.0,193.6,242158.0,210.5,86274.0,224.75,44599.0
2022-10-01,153.25,147.315,147.32,,313.8069705093834,147.32,2907996.0,161.8,2239773.0,177.15,849999.0,193.6,242158.0,210.5,86274.0,224.75,44599.0
2022-10-02,153.25,147.315,147.32,,313.8069705093834,147.32,2907996.0,161.8,2239773.0,177.15,849999.0,193.6,242158.0,210.5,86274.0,224.75,44599.0
2022-10-03,154.25,148.2433,148.23,,311.2702366127024,159.5,2323120.0,174.45,860109.0,190.6,242452.0,207.3,87308.0,221.8,44726.0,237.5,34142.0
2022-10-04,155.0,148.5767,148.59,,310.03717472118956,158.7,2408925.0,173.7,873357.0,190.8,237091.0,207.9,90713.0,222.5,50663.0,238.3,33040.0
2022-10-05,155.25,148.9133,148.88,,311.7758186397985,158.35,2403990.0,173.3,873103.0,190.25,247219.0,207.5,88581.0,222.1,50872.0,237.7,37379.0
2022-10-06,155.25,149.1983,149.2,,310.4890604890605,158.13,2416158.0,172.85,878330.0,190.1,253792.0,207.35,90753.0,222.1,51889.0,237.95,38054.0
2022-10-07,155.25,149.1983,149.2,,313.31168831168833,158.13,2416158.0,172.85,878330.0,190.1,253792.0,207.35,90753.0,222.1,51889.0,237.95,38054.0
2022-10-08,155.25,149.1983,149.2,,313.31168831168833,158.13,2416158.0,172.85,878330.0,190.1,253792.0,207.35,90753.0,222.1,51889.0,237.95,38054.0
2022-10-09,155.25,149.1983,149.2,,313.31168831168833,158.13,2416158.0,172.85,878330.0,190.1,253792.0,207.35,90753.0,222.1,51889.0,237.95,38054.0
2022-10-10,155.25,149.1983,149.2,,316.6010498687664,158.13,2416158.0,172.85,878330.0,190.1,253792.0,207.35,90753.0,222.1,51889.0,237.95,38054.0
2022-10-11,157.0,150.7283,150.69,,309.4251336898395,157.74,2433077.0,172.1,895107.0,189.5,263127.0,206.65,101038.0,221.45,52813.0,237.5,42898.0
2022-10-12,157.25,151.0267,151.04,,310.53719008264466,157.57,2437439.0,171.7,905166.0,189.0,275177.0,206.4,117588.0,221.4,53598.0,237.1,44050.0
2022-10-13,157.25,151.3217,151.3,,314.96598639455783,157.42,2409627.0,171.65,901417.0,188.75,281692.0,206.5,120188.0,221.35,60235.0,237.1,47227.0
2022-10-14,157.25,151.6283,151.64,,315.2932960893855,157.19,2442765.0,171.8,901724.0,188.85,288384.0,207.1,125599.0,221.65,61031.0,237.25,46129.0
2022-10-15,157.25,151.6283,151.64,,315.2932960893855,157.19,2442765.0,171.8,901724.0,188.85,288384.0,207.1,125599.0,221.65,61031.0,237.25,46129.0
2022-10-16,157.25,151.6283,151.64,,315.2932960893855,157.19,2442765.0,171.8,901724.0,188.85,288384.0,207.1,125599.0,221.65,61031.0,237.25,46129.0
2022-10-17,158.75,152.53,152.5,,307.58389261744964,156.94,2454580.0,171.2,932586.0,188.1,316310.0,206.2,128451.0,220.9,70754.0,236.8,49944.0
2022-10-18,159.0,152.825,152.82,,305.3020134228188,156.94,2471490.0,170.3,915229.0,186.95,310973.0,204.8,128665.0,219.5,82593.0,235.4,49941.0
2022-10-19,159.0,153.165,153.18,,305.756358768407,156.94,2524750.0,169.85,921479.0,186.0,321879.0,203.85,131069.0,218.9,73986.0,235.0,49789.0
2022-10-20,159.5,153.5,153.51,,305.10471204188485,156.93,2501042.0,169.9,922828.0,185.75,323437.0,203.2,158105.0,218.2,72163.0,233.95,51122.0
2022-10-21,159.5,153.8117,153.79,,304.59183673469386,156.93,2492527.0,170.05,962065.0,185.85,322724.0,203.15,156156.0,218.35,70744.0,234.45,52156.0
2022-10-22,159.5,153.8117,153.79,,304.59183673469386,156.93,2492527.0,170.05,962065.0,185.85,322724.0,203.15,156156.0,218.35,70744.0,234.45,52156.0
2022-10-23,159.5,153.8117,153.79,,304.59183673469386,156.93,2492527.0,170.05,962065.0,185.85,322724.0,203.15,156156.0,218.35,70744.0,234.45,52156.0
2022-10-24,161.0,154.7367,154.74,,306.7741935483871,156.93,2462913.0,170.6,979960.0,186.8,326305.0,204.75,161377.0,219.9,76878.0,236.5,52814.0
2022-10-25,161.5,155.0533,155.08,,308.05837563451774,156.93,2440368.0,170.5,991271.0,186.6,352143.0,204.5,167917.0,219.5,70176.0,236.3,54593.0
2022-10-26,161.5,155.3967,155.39,,307.33590733590734,156.93,2483188.0,169.5,1029954.0,185.0,369270.0,202.7,163999.0,217.45,71771.0,234.5,55088.0
2022-10-27,161.5,155.6983,155.69,,306.1146496815287,156.89,2503422.0,169.4,1071651.0,183.9,404574.0,201.0,160840.0,215.75,73465.0,232.25,56937.0
2022-10-28,161.5,156.0167,156.02,,309.65834428383704,156.89,2516943.0,169.8,1222219.0,184.35,451731.0,201.2,162312.0,215.95,73592.0,232.25,59647.0
2022-10-29,161.5,156.0167,156.02,,309.65834428383704,156.89,2516943.0,169.8,1222219.0,184.35,451731.0,201.2,162312.0,215.95,73592.0,232.25,59647.0
2022-10-30,161.5,156.0167,156.02,,309.65834428383704,156.89,2516943.0,169.8,1222219.0,184.35,451731.0,201.2,162312.0,215.95,73592.0,232.25,59647.0
2022-10-31,162.5,156.895,156.91,,307.86082474226805,156.9,2516943.0,170.25,1914188.0,185.3,529326.0,202.15,172339.0,216.75,75800.0,233.0,62830.0
